artist,album,track_name,track_id,danceability,energy,key,loudness,mode,speechiness,instrumentalness,liveness,valence,tempo,duration_ms,time_signature
Ed Sheeran,x (Deluxe Edition),Thinking out Loud,34gCuhDGsG4bRPIf9bb02f,0.781,0.445,2,-6.061,1,0.0295,0,0.184,0.591,78.998,281560,4
JP Saxe,If the World Was Ending (feat. Julia Michaels),If the World Was Ending - feat. Julia Michaels,2kJwzbxV2ppxnQoYw4GLBZ,0.464,0.473,1,-10.086,1,0.129,0,0.109,0.604,75.801,208687,4
Rihanna,ANTI (Deluxe),Love On The Brain,26QRPeQOgmIGLCQKgoUJkG,0.509,0.637,4,-4.83,0,0.0471,1.08e-05,0.0789,0.378,172.006,224000,3
Lewis Capaldi,Breach,Someone You Loved,2TIlqbIneP0ZY1O0EzYLlc,0.501,0.405,1,-5.679,1,0.0319,0,0.105,0.446,109.891,182161,4
Lady Gaga,Shallow,Shallow,5lK18Pt33xNudq4qYDxIm8,0.572,0.385,7,-6.362,1,0.0308,0,0.231,0.323,95.799,215733,4
James Arthur,Say You Won't Let Go,Say You Won't Let Go,1Pw5C4N6Fn5E4mGCxmbbVa,0.4,0.564,10,-7.444,1,0.0523,0,0.0863,0.483,99.269,211240,4
Birdy,Birdy (Deluxe Version),Skinny Love,0HRshWRNAwQBROvxXqG3i9,0.379,0.29,4,-8.485,1,0.051,0.00106,0.118,0.169,166.467,201080,4
John Legend,Love In The Future (Expanded Edition),All of Me,3U4isOIWM3VvDubwSI3y7a,0.422,0.264,8,-7.064,1,0.0322,0,0.132,0.331,119.93,269560,4
High Tropics,Caroline,Caroline,72NC9kHkFA7k98dE0t4xEX,0.462,0.813,9,-4.562,1,0.0327,0.00352,0.227,0.595,129.99,206753,4
Florence + The Machine,You've Got The Love,You've Got The Love,0fPf9CDFzVnHpcfld5XVtO,0.571,0.708,6,-4.74,1,0.0329,0,0.125,0.398,109.899,168667,4
Calum Scott,Only Human (Deluxe),Dancing On My Own,2BOqDYLOJBiMOXShCV1neZ,0.682,0.173,1,-8.749,1,0.0314,3.26e-05,0.0983,0.236,112.663,260285,4
Adele,19,Make You Feel My Love,0mqTcM8kuu2IYPotMt7AzS,0.559,0.172,10,-10.636,1,0.0291,0.000383,0.105,0.0955,77.025,212040,4
Camo Columbo,Last Summer Daze,Sapphire Moonlight,23dTlZ4Y4SJJ4cpUoQeUYY,0.799,0.706,6,-7.071,0,0.134,0.00227,0.334,0.778,98.009,194694,4
Lana Del Rey,Young And Beautiful,Young And Beautiful,5UzTtUZper0CphnqZYvsIu,0.319,0.426,11,-8.929,0,0.0382,8.23e-06,0.108,0.159,114.553,236053,4
James Bay,Chaos And The Calm,If You Ever Want To Be In Love,02fZLz9BmmOKb5wkueM9D4,0.683,0.837,0,-5.46,1,0.0307,2.98e-05,0.0627,0.565,115.933,238973,4
Noah Cyrus,July (feat. Leon Bridges),July (feat. Leon Bridges),3V0nnQhqvbE3JmiDdnzQFQ,0.708,0.211,9,-9.603,0,0.0424,0,0.131,0.362,72.5,152280,4
Sam Smith,In The Lonely Hour,Stay With Me,2whoe0pPKh4JRn6eWSIqTV,0.414,0.419,0,-6.431,1,0.0388,0.000195,0.11,0.18,84.082,172724,4
Easy Life,Sangria,Sangria,79tTcoeAq2Dt2qlH3CHm3m,0.659,0.457,0,-10.654,0,0.274,1.31e-06,0.129,0.694,76.043,190023,4
Dean Lewis,Be Alright,Be Alright,3EPXxR3ImUwfayaurPi3cm,0.553,0.586,11,-6.319,1,0.0362,0,0.0813,0.443,126.684,196373,4
LEFT.,Love,Love,6O7lFX7U5ZPgfGAZsikDQo,0.758,0.533,11,-9.091,0,0.128,2.38e-05,0.113,0.34,114.942,221808,4
Alicia Keys,Show Me Love,Show Me Love,0XPlSuCVQ1nOhzTpFgnDSz,0.531,0.491,5,-5.47,0,0.042,0,0.0703,0.521,129.38,194998,4
Various Artists,13 Reasons Why (A Netflix Original Series Soundtrack),The Night We Met,3FsBtu3gdlfZjBLXyDvmj1,0.441,0.369,2,-9.644,1,0.046,0.207,0.641,0.115,174.152,206933,3
Harry Styles,Adore You,Adore You,1M4qEo4HE3PRaCOM7EXNJq,0.676,0.771,8,-3.675,1,0.0483,7e-06,0.102,0.569,99.048,207133,4
Ingrid Michaelson,Be OK,You and I,4oeRfmp9XpKWym6YD1WvBP,0.697,0.298,0,-7.635,1,0.0551,0,0.0874,0.509,134.216,148707,4
Coldplay,Ghost Stories,Magic,23khhseCLQqVMCIT1WMAns,0.738,0.483,6,-8.915,0,0.0403,0.616,0.106,0.355,93.458,285014,4
Johnning,Sober,Sober,6vEdn7JCnvGhYQQ9yLcsJe,0.448,0.692,6,-9.937,0,0.141,1.39e-06,0.0896,0.182,199.638,181682,4
Maren Morris,The Bones (with Hozier),The Bones - with Hozier,1yTTMcUhL7rtz08Dsgb7Qb,0.561,0.597,11,-6.0,0,0.0405,0,0.0979,0.355,76.826,197299,4
LP,Death Valley,Lost on You,2kz40rIHjfGYxurLiuCBp9,0.433,0.724,5,-6.126,0,0.0372,0,0.0918,0.689,174.006,268105,4
The Maccabees,Colour It In,Toothpaste Kisses,4BAWCedKFfdwxPFmFv4DMG,0.462,0.427,9,-13.333,1,0.0792,0.101,0.37,0.476,101.675,159320,3
John Mayer,Carry Me Away,Carry Me Away,6TL3MOcVW8i1UiJkvhpDbR,0.703,0.668,4,-7.746,1,0.0289,0.000408,0.0963,0.659,120.005,156987,4
Caravn,Hazy Memories,Hazy Memories,1jeH74UaH5xFnLo73haMQl,0.455,0.317,9,-8.031,1,0.0448,0,0.0962,0.44,71.113,177143,1
Khalid,Suncity,Saturday Nights,7vGGAJBkHKxKtOnGjQduDV,0.54,0.439,10,-8.591,1,0.115,1.93e-05,0.0993,0.371,167.908,209547,4
Mokita,Take It Back,Take It Back,4Q45zEpgK7xJB6KkTG23pr,0.71,0.72,1,-7.554,1,0.0409,2.49e-06,0.0936,0.429,132.99,161654,4
Fenne Lily,On Hold,On Hold,6mCbwUSCaYRv2AlzLid3lf,0.588,0.398,1,-9.517,0,0.034,0.000173,0.176,0.117,150.049,158785,5
Vance Joy,Dream Your Life Away,Mess Is Mine,7BVwi9cIzSc6tpyxsp47vJ,0.595,0.723,7,-8.256,1,0.0349,0.0286,0.0995,0.272,108.043,223640,1
Camo Columbo,Cold Nights,Cold Nights,1q3AoLCoawd8Gpm9wP7sHi,0.941,0.421,11,-7.918,0,0.0583,9.34e-05,0.0967,0.787,107.011,189813,4
Bruno Major,The Most Beautiful Thing,The Most Beautiful Thing,7EncNzyGs8uJiQittB38ef,0.806,0.362,7,-10.381,1,0.0345,0.045,0.111,0.42,127.502,235427,4
Maggie Rogers,Love You For A Long Time,Love You For A Long Time,6QTPacyXkZWG9FMwq6L1hJ,0.707,0.67,9,-6.137,1,0.0323,0.00283,0.109,0.822,112.993,223120,4
LEFT.,Indigo,Indigo,2qoKkOBw3dAd8AlITOQ2Ca,0.503,0.504,0,-6.843,0,0.416,1.59e-06,0.122,0.67,85.39,196589,4
Shawn Mendes,Illuminate,Treat You Better,3QGsuHI8jO1Rx4JWLUh9jd,0.444,0.819,10,-4.078,0,0.341,0,0.107,0.747,82.695,187973,4
Noah Kahan,Hurt Somebody,Hurt Somebody,7apizLyhMRutg3ccXvr2qv,0.633,0.559,6,-5.135,1,0.313,0,0.262,0.473,114.987,168640,4
Jordan Parker,Sex Money Feelings Die,Sex Money Feelings Die,56mC2rMRb3tCFiFum4XfQN,0.731,0.471,11,-7.888,1,0.0425,0,0.097,0.411,111.928,143571,4
The Beatles,1 (Remastered),All You Need Is Love - Remastered 2015,56rXurvdpjoSIVggfd5ANS,0.397,0.625,7,-5.829,1,0.0347,5.47e-06,0.263,0.676,104.54,227760,4
Mary J. Blige,The Breakthrough,One,6KaNwZrqpYck0ym4ZsSq3C,0.344,0.874,0,-3.161,1,0.0777,0,0.129,0.269,185.888,260467,4
Charlie Burg,Channel Orange In Your Living Room,Channel Orange In Your Living Room,27AJf1VXuh3h6QsqQBOLxf,0.698,0.604,11,-6.489,1,0.0494,0,0.07,0.832,118.692,158373,4
The Lumineers,Ophelia,Ophelia,0IOFbRuU9O7BsRMVBT6Rbo,0.664,0.576,5,-6.429,1,0.0286,0.000198,0.0902,0.621,76.026,160097,4
Emeli Sand√©,Breathing Underwater,Breathing Underwater,4n2eqW2yhgRimam8czpH8j,0.252,0.565,3,-8.549,1,0.0581,6.46e-05,0.515,0.215,80.335,262939,4
Valentin,Fix You,Fix You,0x4CFzoSdqVq5qTGgwZFuX,0.5,0.185,1,-13.209,1,0.0302,0,0.0827,0.159,140.148,240000,4
Lauv,~how i'm feeling~ (the extras),Love Like That,2tSDwInMbSGmUySTeUgO5e,0.679,0.481,3,-9.045,1,0.0593,1.02e-05,0.284,0.486,80.011,184557,4
Ben E. King,Don't Play That Song (Mono),Stand by Me,3SdTKo2uVsxFblQjpScoHy,0.65,0.306,9,-9.443,1,0.0393,7.07e-06,0.0707,0.605,118.068,180056,4
Jeremy Zucker,comethru,comethru (with Bea Miller),0PgYPBGqF6Wm5KFHQ81nq5,0.757,0.192,0,-11.842,1,0.0515,0,0.606,0.595,94.024,181627,4
Camo Columbo,Azul Caribe,Azul Caribe,4mcxqWjb2oNfSqeFH2kbWd,0.904,0.441,5,-5.086,1,0.0461,0.000854,0.136,0.699,107.939,183333,4
Rihanna,Unapologetic (Deluxe),Stay - Album Version (Edited),5eOcg7yCTC8o09p6iTTcmr,0.633,0.319,9,-10.24,0,0.0273,2.77e-05,0.114,0.105,111.925,240707,4
Paolo Nutini,These Streets,Last Request,6xM8oBy40nK1rOd8WmoOPx,0.605,0.704,5,-6.564,1,0.0476,0,0.137,0.4,80.925,220413,4
JP Saxe,"Hey Stupid, I Love You","Hey Stupid, I Love You",5inDa3sWj8zqJBOdj7Bjqc,0.758,0.594,5,-9.63,0,0.426,5.32e-06,0.0798,0.869,91.864,181000,4
Sonny Winnebago,Little Sun,Little Sun,6wIepGZgEottEa7JIPAs3W,0.692,0.515,7,-8.464,1,0.0301,2.92e-06,0.156,0.722,122.018,261516,4
Queen,Queen 40 Limited Edition Collector's Box Set Vol. 2,Crazy Little Thing Called Love - Remastered 2011,6LRIeceMebqu7TmyyXCRTA,0.599,0.762,0,-6.887,1,0.0423,4.43e-06,0.35,0.715,76.961,163373,4
Ella Mai,Trip,Trip,7noud145AHZGg74vpWOsCa,0.717,0.605,11,-5.68,0,0.075,0,0.138,0.387,81.047,217118,4
Tiz McNamara,Falling Asleep,Falling Asleep,1FunUekKzZ9Mgt3BMYCrfF,0.537,0.201,2,-12.948,1,0.033,0.00163,0.077,0.196,134.087,202400,4
Hozier,From Eden EP,From Eden,1yi8EOTpKeVK4cj5HS8DRp,0.484,0.528,0,-6.951,1,0.0424,2.57e-05,0.107,0.408,109.361,222427,4
Jack Johnson,In Between Dreams,Better Together,2iXdwVdzA0KrI2Q0iZNJbX,0.871,0.346,5,-9.481,1,0.0522,9.24e-06,0.108,0.659,110.054,207680,4
Ashe,Moral of the Story,Moral of the Story,2nC3QhMI9reBIOWutbU3Tj,0.572,0.406,10,-8.624,1,0.0427,4.48e-06,0.102,0.265,119.812,201084,4
Valentin,Somewhere Only We Know,Somewhere Only We Know,1EwyAL8SdJpIX0M9b1ArAp,0.472,0.305,8,-11.465,1,0.0295,0,0.142,0.584,165.9,193750,4
Niall Horan,Put A Little Love On Me,Put A Little Love On Me,1hCTxutVVYvggAQcUUUZAT,0.584,0.465,10,-4.88,1,0.0262,0,0.106,0.299,95.969,224586,4
Leon Bridges,Beyond,Beyond,5esPpmrM2AsyDVgOKzWQwU,0.58,0.687,6,-5.4,1,0.106,0,0.109,0.187,76.014,240600,4
Johnning,Last Time,Last Time,7v3tuzPub1Qd490tiVddwF,0.628,0.587,7,-5.195,1,0.0441,0,0.156,0.4,140.01,202480,4
The Beach Boys,Pet Sounds (Original Mono & Stereo Mix Versions),God Only Knows - Remastered,6iGU74CwXuT4XVepjc9Emf,0.521,0.487,6,-7.525,0,0.0299,0,0.0579,0.483,117.072,173040,4
Lukas Graham,Love Someone,Love Someone,2JqnpexlO9dmvjUMCaLCLJ,0.55,0.415,9,-6.557,0,0.052,0,0.108,0.274,172.065,205463,4
KALEO,All the Pretty Girls,All the Pretty Girls,2eiY8qXiV6yReXSeuoplns,0.466,0.496,1,-6.606,1,0.0302,6.22e-06,0.117,0.352,74.747,269893,4
Death Cab for Cutie,Plans,Soul Meets Body,6Wuv7MrhesuDsuGv8vcrOd,0.63,0.772,2,-8.366,0,0.0251,0.000432,0.116,0.717,128.133,230907,4
James Blunt,Back to Bedlam,You're Beautiful,5pbajJXEPdcoXQPXoAVR1t,0.675,0.479,0,-9.87,0,0.0278,1.76e-05,0.088,0.454,81.998,209493,4
Fiji Blue,I Should've Told You,I Should've Told You,7FNfzTdPSOA7jzlQQ7gZK2,0.725,0.66,8,-7.206,1,0.0663,0.000292,0.0848,0.456,117.009,197523,4
Elvis Presley,Elvis 75 - Good Rockin' Tonight,Burning Love,4VK3MDt1FAP101D0mnFJkz,0.668,0.722,2,-11.641,1,0.0283,0.00662,0.345,0.969,143.547,169680,4
Joss Stone,The Best Of Joss Stone 2003 - 2009,L-O-V-E - Long Version,4MymCsjbOkhuP2kWNSZgLo,0.527,0.78,11,-5.654,0,0.0651,8.59e-05,0.166,0.645,94.693,168973,4
Bruno Major,A Song For Every Moon,Easily,2k9N4caeCIJLOWwWwssrEM,0.772,0.256,7,-8.545,0,0.0481,0.00612,0.144,0.357,118.902,210240,3
Halsey,Finally // beautiful stranger,Finally // beautiful stranger,5YvcUK2eXJ2OllqDuEg18S,0.626,0.55,9,-5.105,0,0.029,0,0.118,0.123,133.976,221096,4
Jason Mraz,We Sing. We Dance. We Steal Things.,I'm Yours,1EzrEOXmMH3G43AXT1y7pA,0.686,0.457,11,-8.322,1,0.0468,0,0.105,0.718,150.953,242187,4
The Police,Synchronicity (Remastered),Every Breath You Take - Remastered 2003,5C0LFQARavkPpn7JgA4sLk,0.82,0.452,1,-9.796,1,0.0348,0.00294,0.0701,0.74,117.401,253250,4
3409,Guava,Guava,0W2oiugGwD5eq2LP6ESnC6,0.745,0.319,11,-18.632,0,0.296,0,0.336,0.494,96.097,193062,4
Lady Gaga,Million Reasons,Million Reasons,4uhlD1p3hKRI9PLH8qX0fn,0.668,0.428,0,-7.889,1,0.0433,0,0.108,0.134,129.75,205280,4
The Beatles,1 (Remastered),Yesterday - Remastered 2015,63uskN0xLezVg4281wzeQn,0.401,0.189,0,-11.189,1,0.0287,0,0.0968,0.357,94.509,125320,4
Kodaline,In A Perfect World (Deluxe),Brand New Day,3uP0rhZSVxKPokt6UbnzU0,0.57,0.89,3,-3.808,1,0.0322,0.000151,0.124,0.57,121.015,205280,4
Bruno Mars,Doo-Wops & Hooligans,Just the Way You Are,47Slg6LuqLaX0VodpSCvPt,0.637,0.843,5,-5.413,1,0.0432,0,0.0876,0.434,109.012,220733,4
Keane,Hopes and Fears (Deluxe Edition),Somewhere Only We Know,5LOaKdW9D2Gl9neAN94NbR,0.445,0.59,9,-6.747,1,0.0258,1.08e-05,0.0832,0.334,172.016,237547,4
Maggie Rogers,Give A Little,Give A Little,4za2QYGfHlYml23pChrpXO,0.618,0.695,7,-5.415,1,0.189,3.96e-05,0.111,0.766,199.95,225512,3
Jeremy Zucker,love is not dying,somebody loves you,4YKcx7YxznAdBefrYdCZ9P,0.717,0.474,7,-10.347,1,0.123,0.000253,0.137,0.673,94.945,206587,4
Aretha Franklin,Aretha Now,I Say a Little Prayer,3NfxSdJnVdon1axzloJgba,0.592,0.355,9,-14.051,1,0.0352,0,0.0585,0.499,133.032,216773,4
John Mayer,Love on the Weekend,Love on the Weekend,0j2WBxWZnWti5TpSxjJvPb,0.729,0.546,7,-9.305,1,0.0285,0.00287,0.0651,0.406,119.941,212627,4
Leona Lewis,Spirit,Bleeding Love,7wZUrN8oemZfsEd1CGkbXE,0.638,0.656,5,-5.886,1,0.0357,0,0.146,0.225,104.036,262467,4
Frank Sinatra,Nothing But The Best (Remastered),Fly Me To The Moon - Remastered,7FXj7Qg3YorUxdrzvrcY25,0.591,0.298,4,-12.269,0,0.06,2.22e-06,0.0797,0.372,119.954,147520,4
Camo Columbo,Starfish,Starfish,1zGNGgfanMWYujmiHQFRrO,0.861,0.408,6,-6.632,0,0.217,4.36e-05,0.278,0.713,113.964,212632,4
The Script,The Script,The Man Who Can't Be Moved,3nqqDo8CcCLke3ZoTgiOKf,0.605,0.629,10,-5.051,1,0.0279,0,0.097,0.308,99.894,241373,4
Adele,21,One And Only,4I3KMa9p00MJwWbT0vi5iX,0.464,0.467,5,-5.306,1,0.0376,0,0.141,0.169,51.66,346813,4
Sam Smith,Lay Me Down,Lay Me Down,5Nbe9vDQ1YJdreVIlhZEpP,0.463,0.198,4,-11.003,1,0.0387,0,0.106,0.369,123.63,219663,4
Ben Howard,Every Kingdom (Deluxe Version),Only Love,3MdYFBIzPf7lSJnI8wi3Ka,0.547,0.49,8,-9.891,1,0.137,0.00174,0.118,0.365,80.305,249173,4
Jack Vallier,Rebekah - EP,Rebekah,18RQoXcen7pcKhFreuN02y,0.531,0.461,7,-11.176,0,0.0437,1.62e-06,0.132,0.162,75.036,200747,4
Of Monsters and Men,Beneath The Skin (Deluxe),Empire,3VHJN9R1HaJAp6SbeMT0V5,0.53,0.684,0,-6.264,0,0.0331,0.000719,0.0946,0.519,118.782,260413,4
Isaiah Firebrace,Isaiah,It's Gotta Be You,6cAKeFFYW2aClZSUyvqAEW,0.422,0.745,8,-4.632,1,0.0378,0,0.0981,0.588,95.487,193447,4
Sara Bareilles,Little Voice,Love Song,4E6cwWJWZw2zWf7VFbH7wf,0.583,0.786,2,-3.142,0,0.0301,0,0.188,0.573,123.055,258827,4
Tom Odell,Real Love,Real Love - from the John Lewis Christmas Advert 2014,1Udy17gjGeZPNdmmcLjl7L,0.363,0.205,5,-9.301,1,0.0271,1.6e-06,0.105,0.18,82.932,141240,4
